CASRTNDEKLFF	TCRBV06-06	0.00791647544745296
CASSQVQAGEQYF	TCRBV04-03	0.006998623221661312
CSLRRGTNTEAFF	TCRBV29-01	0.006252868288205599
CTSRLRRLCTSRANVLTF	TCRBV01-01	0.006080770995869665
CASSLGYDGAPLHF	TCRBV07-09	0.005908673703533731
CASSFTVSFGYTF	TCRBV28-01	0.005507113354749885
CASSQVSLVGTGELFF	TCRBV04-03	0.005392381826525929
CASSQGGRQYF	TCRBV04-03	0.005392381826525929
CASSYASGQETQYF	TCRBV06-05	0.005335016062413951
CASRRTVSSYEQYF	TCRBV06-05	0.005220284534189996
CASSTSSEGHYEQYF	TCRBV07-02	0.005162918770078018
CSGASGSHEQYF	TCRBV29-01	0.00510555300596604
CASSYGGQSRANVLTF	TCRBV06-09	0.00510555300596604
CASSQGGGTNSYEQYF	TCRBV04-03	0.00510555300596604
CSVTRILAQSRANVLTF	TCRBV29-01	0.004933455713630105
CASSFGAGEYTEAFF	TCRBV28-01	0.0048187241854061496
CASSQDRWQGRSGNTIYF	TCRBV04-01	0.004589261128958238
CASTPGGAGANVLTF	TCRBV07-03	0.00453189536484626
CASSHLGQGYDEQFF	TCRBV14-01	0.004474529600734281
CASSQVGQGNIQYF	TCRBV04-03	0.00424506654428637
CASSIGWASASYGYTF	TCRBV19-01	0.00424506654428637
CASSETRGRYEQYF	TCRBV02-01	0.00424506654428637
CATSLGQLNTEAFF	TCRBV15-01	0.004130335016062414
CASSLVGQGPWEQYF	TCRBV07-09	0.004130335016062414
CAWGQGSSNQPQHF	TCRBV30-01	0.004072969251950436
CASSPRDGSYEQYF	TCRBV09-01	0.004015603487838458
CAISSGQGRTEAFF	TCRBV10-03	0.00395823772372648
CASRPEGVYGYTF	TCRBV06-05	0.00395823772372648
CATWGSGANVLTF	TCRBV07-02	0.003900871959614502
CAISESSGTAVYEQYF	TCRBV10-03	0.003728774667278568
CAISVTGSLTEAFF	TCRBV10-03	0.003728774667278568
CASSHTGAGNSPLHF	TCRBV04-01	0.003728774667278568
CASSVDQGAYEQYF	TCRBV18-01	0.0036714089031665903
CASSLEIGTGKQPQHF	TCRBV07-09	0.0036714089031665903
CTSRRLRLCKSRANVLTF	TCRBV01-01	0.0036714089031665903
CASSLGEVMTYEQYF	TCRBV07-09	0.0036140431390546124
CASSPQGQPLNSPLHF	TCRBV09-01	0.0036140431390546124
CAISGNENEKLFF	TCRBV10-03	0.003556677374942634
CASTLTGNNQPQHF	TCRBV19-01	0.003499311610830656
CAISPQGGYSGNTIYF	TCRBV10-03	0.003499311610830656
CAWSVLFGTGKVTDTQYF	TCRBV30-01	0.0034419458467186783
CASSEVNTIYF	TCRBV06-01	0.0034419458467186783
CSVVVFTGFKGYTF	TCRBV29-01	0.0033845800826067004
CASSLLLDILNEQYF	TCRBV05-01	0.0033845800826067004
CASSLDARGYTF	TCRBV07-09	0.0033272143184947226
CAISEYWEAPYEQYF	TCRBV10-03	0.0033272143184947226
CASSLASGQGGGYTF	TCRBV05-01	0.0032698485543827443
CASSLMLGEGTLPSYEQYF	TCRBV05-06	0.0032124827902707664
CASSARTANYEQYF	TCRBV02-01	0.0031551170261587885
CATSRSVSEVTQYF	TCRBV15-01	0.0031551170261587885
CAISPGFINEQYF	TCRBV10-03	0.0031551170261587885
CASSLATGLEQYF	TCRBV19-01	0.0031551170261587885
CASSSNSRTNYGYTF	TCRBV06-05	0.0031551170261587885
CASSSPGGHPTTTTEAFF	TCRBV28-01	0.0030977512620468106
CASSYSHDSNEKLFF	TCRBV06-06	0.0030977512620468106
CSDSNHNEQFF	TCRBV29-01	0.0030977512620468106
CASRTGGNTIYF	TCRBV02-01	0.0030403854979348323
CASSLRVGDQPQHF	TCRBV05-01	0.0030403854979348323
CASSTGHSYEQYF	TCRBV19-01	0.0029830197338228544
CASSYYPEDEQYF	TCRBV06-05	0.0029830197338228544
CASSLPLQDTQYF	TCRBV05-06	0.0029256539697108765
CAISEPQGRVTGELFF	TCRBV10-03	0.0029256539697108765
CAWSVSGAKNIQYF	TCRBV30-01	0.0028682882055988987
CAWARLGNTGELFF	TCRBV30-01	0.0028682882055988987
CASSFGYNEQFF	TCRBV07-09	0.002810922441486921
CASSPIDRDSYEQYF	TCRBV28-01	0.002810922441486921
CASSLAGRSTEAFF	TCRBV05-04	0.0026961909132629646
CASSLSGVLTGNTIYF	TCRBV27-01	0.0026961909132629646
CASSLVGQLSGANVLTF	TCRBV07-03	0.0026961909132629646
CASSPRQRNEKLFF	TCRBV07-09	0.0026388251491509867
CASSLPSAYEQYF	TCRBV07-02	0.0026388251491509867
CASSQDYLAGHEQYF	TCRBV04-03	0.0026388251491509867
CASSYGDGQPQHF	TCRBV06-06	0.0026388251491509867
CASSSLDRGYEQYF	TCRBV05-01	0.0026388251491509867
CASSSGTGTLREDEQYF	TCRBV07-09	0.0026388251491509867
CASSPDRGSTDTQYF	TCRBV07-02	0.002581459385039009
CASSSGVNTEAFF	TCRBV05-06	0.002581459385039009
CASSVASGGEQYF	TCRBV09-01	0.002581459385039009
CSVRVGTDTQYF	TCRBV29-01	0.0025240936209270305
CASSLFLGFPEAFF	TCRBV05-01	0.0025240936209270305
CASSLFDEQFF	TCRBV07-02	0.0024667278568150527
CASSLGRANYGYTF	TCRBV05-06	0.0024667278568150527
CASSMGIQRGQSRANVLTF	TCRBV07-01	0.0024667278568150527
CASSKDRVTEKLFF	TCRBV19-01	0.0024667278568150527
CASSIMGGNQPQHF	TCRBV19-01	0.0024093620927030748
CASRRPPEDTQYF	TCRBV05-01	0.0024093620927030748
CASSLAGLAGAYSYNEQFF	TCRBV07-09	0.0024093620927030748
CASSYSGQGGYGYTF	TCRBV06-06	0.0024093620927030748
CASTRMYGQPQHF	TCRBV06-06	0.002351996328591097
CASSLTGKGEKLFF	TCRBV07-02	0.002351996328591097
CASSLLGGSGANVLTF	TCRBV27-01	0.002351996328591097
CASSSHRGRGPDTQYF	TCRBV28-01	0.002294630564479119
CASSLAGDTEAFF	TCRBV18-01	0.0022372648003671407
CAWFGQGARTEAFF	TCRBV30-01	0.0022372648003671407
CASSMHTGANTGELFF	TCRBV19-01	0.0022372648003671407
CASSLRVLQPQHF	TCRBV05-05	0.002179899036255163
CASGSQETQYF	TCRBV07-09	0.002179899036255163
CASRMGLHTQYF	TCRBV28-01	0.002179899036255163
CASSSKDRGGELFF	TCRBV06-06	0.002122533272143185
CASRSHTGGDRSPLHF	TCRBV06-06	0.002122533272143185
CASSLGTGNEKLFF	TCRBV07-09	0.002122533272143185
CASSWDTVREKLFF	TCRBV05-01	0.002065167508031207
CASSLFDRDYNEQFF	TCRBV05-06	0.002065167508031207
CASSETSWIIVDETQYF	TCRBV07-02	0.002065167508031207
CASSNGISAQYF	TCRBV05-06	0.002065167508031207
CATGPGLTYEQYF	TCRBV27-01	0.002007801743919229
CASSPYSDEQYF	TCRBV18-01	0.002007801743919229
CASSFRVVNEKLFF	TCRBV28-01	0.002007801743919229
CASSLDRETDTQYF	TCRBV06-05	0.001950435979807251
CASSLALSGGTDTQYF	TCRBV07-02	0.001950435979807251
CASSLGQGVLNTEAFF	TCRBV05-01	0.001950435979807251
CASSILAGTSTDTQYF	TCRBV19-01	0.001893070215695273
CASSLNRVKNWTSGTSAYNEQFF	TCRBV05-01	0.001893070215695273
CARLSLKLLFF	TCRBV05-03	0.001893070215695273
CASSYGTGSSTEAFF	TCRBV06-05	0.001893070215695273
CASSFSISLAYEQYF	TCRBV07-02	0.001893070215695273
CAIAGKGGYGYTF	TCRBV11-02	0.0018357044515832951
CASSFGLAGEYEQYF	TCRBV07-02	0.0018357044515832951
CAWSVRTQSLLNTIYF	TCRBV30-01	0.0018357044515832951
CASSREGDSGNTIYF	TCRBV06-06	0.001778338687471317
CASSFSLFGEKLFF	TCRBV07-09	0.001778338687471317
CASSIAQGAGELFF	TCRBV19-01	0.001778338687471317
CASSLGRGAANNEQFF	TCRBV07-08	0.001778338687471317
CASTSGQGVRGANVLTF	TCRBV10-01	0.001778338687471317
CASSLTSGKNVYEQYF	TCRBV18-01	0.001778338687471317
CASSYDRARYEQFF	TCRBV05-06	0.0017209729233593392
CATSSPGGSYEQYF	TCRBV10-03	0.0017209729233593392
CAISEGQGSTEAFF	TCRBV10-03	0.0017209729233593392
CASSRGGTLSYNEQFF	TCRBV05-06	0.0017209729233593392
CASMESGNTIYF	TCRBV25-01	0.0017209729233593392
CASSFNRDNEKLFF	TCRBV06-05	0.0017209729233593392
CASSRARGTSGANEQFF	TCRBV27-01	0.0016636071592473613
CASSPPGTGVSYEQYF	TCRBV18-01	0.0016636071592473613
CASSPETSGAYEQYF	TCRBV06-04	0.0016636071592473613
CSVAGTGSRTDTQYF	TCRBV29-01	0.0016636071592473613
CASSLPLVFGAGTDTQYF	TCRBV07-02	0.0016062413951353832
CASRRGGVSPGYEQYF	TCRBV05-04	0.0016062413951353832
CAISDPREADTQYF	TCRBV10-03	0.0015488756310234053
CASSIQGETQYF	TCRBV07-08	0.0015488756310234053
CASSRTGVGTTEAFF	TCRBV05-01	0.0015488756310234053
CASSRLTGQGYGYTF	TCRBV07-02	0.0014915098669114272
CARLQVGTDTQYF	TCRBV21-01	0.0014915098669114272
CASSLDGTSGTSTDTQYF	TCRBV07-06	0.0014341441027994493
CASSVQGYEKLFF	TCRBV06-01	0.0014341441027994493
CASTPGQLNTEAFF	TCRBV25-01	0.0013767783386874712
CASSLAGGLGNEQFF	TCRBV06-01	0.0013767783386874712
CASSSGTVTDTQYF	TCRBV11-03	0.0013767783386874712
CAIRRGQGNTEAFF	TCRBV10-03	0.0013767783386874712
CASREAGRTEAFF	TCRBV19-01	0.0013194125745754934
CASSPGQGTDEQYF	TCRBV09-01	0.0013194125745754934
CASSLAFGTSGSSYNEQFF	TCRBV07-02	0.0013194125745754934
CASSPQGGADGYTF	TCRBV18-01	0.0013194125745754934
CASSQSPGLGQGKVDTQYF	TCRBV04-03	0.0012620468104635153
CASRKTSGSGYEQFF	TCRBV07-09	0.0012620468104635153
CASSPFGGGDEQYF	TCRBV18-01	0.0012620468104635153
CASSFNTDTQYF	TCRBV06-05	0.0012620468104635153
CASSFDSTNYGYTF	TCRBV05-01	0.0012620468104635153
CASSIGRRHNEKLFF	TCRBV19-01	0.0012046810463515374
CASGLALTGVTDTQYF	TCRBV12-05	0.0012046810463515374
CASSLFTLVLGEQFF	TCRBV07-02	0.0012046810463515374
CASSPNSGGRTDTQYF	TCRBV18-01	0.0011473152822395595
CASSFRSGGALETQYF	TCRBV07-02	0.0011473152822395595
CASSLSVVGGNTIYF	TCRBV11-02	0.0010899495181275814
CASSSLRGSRTDTQYF	TCRBV11-01	0.0010899495181275814
CASSYLSSGSSDTQYF	TCRBV06-05	0.0010899495181275814
CASSLPSAYEQYF	TCRBV07-02	0.0010325837540156035
CASSLAGREVADTQYF	TCRBV07-08	0.0010325837540156035
CASSEGYGLAYEQYF	TCRBV05-01	0.0010325837540156035
CASSLDPVRDEQFF	TCRBV07-02	0.0010325837540156035
CASSRTAGQKFF	TCRBV04-03	0.0010325837540156035
CASSETPGIQETQYF	TCRBV05-01	9.752179899036256E-4
CASSQPLTGYGRETQYF	TCRBV14-01	9.178522257916476E-4
CASSLVGRGELEAFF	TCRBV07-09	9.178522257916476E-4
CASSRRGDEQYF	TCRBV28-01	9.178522257916476E-4
CASETGFQETQYF	TCRBV06-01	9.178522257916476E-4
CSARPLGEQYF	TCRBV20-01	9.178522257916476E-4
CASSLFRGGSTDTQYF	TCRBV05-01	8.604864616796696E-4
CATVEGGLTYNEQFF	TCRBV28-01	8.604864616796696E-4
CASSLDTRLMETQYF	TCRBV11-02	8.604864616796696E-4
CASKKTRTGVTDTQYF	TCRBV07-02	8.031206975676916E-4
CASSESASYTYNEQFF	TCRBV06-01	8.031206975676916E-4
CASGGQGAGETQYF	TCRBV27-01	8.031206975676916E-4
CASRRMVATHTHNSPLHF	TCRBV21-01	7.457549334557136E-4
CASSYGDRVTDGYTF	TCRBV06-05	7.457549334557136E-4
CASSLGGGGPWNEQFF	TCRBV11-02	7.457549334557136E-4
CASSLSSGQGVNQPQHF	TCRBV27-01	7.457549334557136E-4
CAISEPGLAGGETQYF	TCRBV10-03	7.457549334557136E-4
CASSPLLAGVGETQYF	TCRBV07-02	6.883891693437356E-4
CATSRMTGGANIQYF	TCRBV15-01	6.883891693437356E-4
CASSRGGVRRPGDFLDTGELFF	TCRBV21-01	6.883891693437356E-4
CASITTADTEAFF	TCRBV19-01	6.883891693437356E-4
CASSSPGTSSFFLAGELFF	TCRBV07-08	6.883891693437356E-4
CASSFELGGSQFTDTQYF	TCRBV11-02	6.883891693437356E-4
CASSGGGAGEQYF	TCRBV05-01	5.736576411197798E-4
CASSLGGGRIYGYTF	TCRBV28-01	5.162918770078018E-4
CASSLGLADLLTGDTQYF	TCRBV27-01	5.162918770078018E-4
CASSSHRGRGPDTQYF	TCRBV28-01	4.589261128958238E-4
CASSGLAGVETQYF	TCRBV06-05	4.589261128958238E-4
CASSPGLAGEGEQFF	TCRBV18-01	4.589261128958238E-4
CASSFSPGTEAFF	TCRBV09-01	4.589261128958238E-4
CASSLVGLNQPQHF	TCRBV07-08	4.589261128958238E-4
CASSQLFGVRGGGSYNEQFF	TCRBV14-01	4.015603487838458E-4
CASKQGKQPQHF	TCRBV27-01	3.441945846718678E-4
CASSVGVSNIQYF	TCRBV09-01	3.441945846718678E-4
CASSNPRAGGLYEQYF	TCRBV06-06	3.441945846718678E-4
CASNRGMTDTQYF	TCRBV19-01	3.441945846718678E-4
CASSWDTVREKLFF	TCRBV05-01	3.441945846718678E-4
CASKEMGGLAGGRSLFF	TCRBV05-01	3.441945846718678E-4
CASSPLGLERHTQYF	TCRBV19-01	3.441945846718678E-4
CASSKDRVRNSPLHF	TCRBV21-01	3.441945846718678E-4
CASRPTSGTYNEQFF	TCRBV27-01	2.868288205598899E-4
CASSETGGSPLHF	TCRBV05-04	2.868288205598899E-4
CASRDRREQFF	TCRBV21-01	2.868288205598899E-4
CASRGRGDTQYF	TCRBV27-01	2.868288205598899E-4
CASSPSAHLSGGEDTQYF	TCRBV27-01	2.294630564479119E-4
CASTSGQGTGELFF	TCRBV06-05	2.294630564479119E-4
CASSEQSYSYNEQFF	TCRBV06-01	2.294630564479119E-4
CASRAGTANTGELFF	TCRBV09-01	2.294630564479119E-4
CAWSVQGAETQYF	TCRBV30-01	2.294630564479119E-4
CAISASFWVLTNYGYTF	TCRBV10-03	1.720972923359339E-4
CASSVAPRGGEETQYF	TCRBV09-01	1.720972923359339E-4
CASSGGGAGEQYF	TCRBV05-01	1.720972923359339E-4
CASSYKGRVYEQYF	TCRBV06-06	1.1473152822395595E-4
CATVEGGLTYNEQFF	TCRBV28-01	1.1473152822395595E-4
CAWSYAGTDGYTF	TCRBV30-01	1.1473152822395595E-4
CASSGRGLETQYF	TCRBV05-01	1.1473152822395595E-4
CASSLPSAYEQYF	TCRBV07-02	1.1473152822395595E-4
CSAVAGAGQPQHF	TCRBV29-01	1.1473152822395595E-4
CASLLSIPGKTYGYTF	TCRBV05-04	1.1473152822395595E-4
CASSFLQGQGFYEQYF	TCRBV27-01	1.1473152822395595E-4
CASSGGGAGEQYF	TCRBV05-01	1.1473152822395595E-4
CASSLPLVFGAGTDTQYF	TCRBV07-02	1.1473152822395595E-4
CASLELVPGKIYGYTF	TCRBV05-04	1.1473152822395595E-4
CASSLFRGGSTDTQYF	TCRBV05-01	1.1473152822395595E-4
